trading_account_id,open_date,last_execution_date,close_date,symbol,trade_position,currency,underlying,asset_type,open_price,close_price,base_gross_pnl,base_net_pnl,total_quantity,total_buy_quantity,total_sell_quantity,remaining_quantity,total_executions,total_duration,total_commission,total_fees,stop_loss,profit_target,tags,notes
ŁukaszK,2023-05-05T09:59:00-0400,2023-05-05T13:55:24-0400,2023-05-05T13:55:24-0400,MESM23,long,USD,MES,future,4126.25,4143.25,107.5,104.42,4.0,2.0,2.0,0.0,3,14184.0,3.08,0.0,4121.75,4130.75,ML (A),
ŁukaszK,2023-07-17T10:27:29-0400,2023-07-17T12:19:25-0400,2023-07-17T12:19:25-0400,ESU23,long,USD,ES,future,4545.0,4549.0,200.0,200.0,2.0,1.0,1.0,0.0,2,6716.0,0.0,0.0,4541.0,4556.0,"ML (A),OpenTrade",
ŁukaszK,2023-05-22T04:39:21-0400,2023-05-22T06:50:01-0400,2023-05-22T06:50:01-0400,MESM23,long,USD,MES,future,4204.5,4200.75,-56.25,-60.87,6.0,3.0,3.0,0.0,2,7840.0,4.62,0.0,4200.75,4212.0,ML (A+),
ŁukaszK,2023-12-18T09:32:47-0500,2023-12-18T10:12:54-0500,2023-12-18T10:12:54-0500,MESH24,long,USD,MES,future,4784.25,4786.0,67.5,67.5,8.0,4.0,4.0,0.0,3,2407.0,0.0,0.0,N/A,N/A,ML (A),<br>
ŁukaszK,2023-06-23T03:06:08-0400,2023-06-23T03:19:39-0400,2023-06-23T03:19:39-0400,MESU23,long,USD,MES,future,4408.0,4409.5,37.5,32.88,6.0,3.0,3.0,0.0,3,811.0,4.62,0.0,4404.0,4418.0,MRL (A),
ŁukaszK,2023-08-11T09:45:11-0400,2023-08-11T09:54:00-0400,2023-08-11T09:54:00-0400,MESU23,short,USD,MES,future,4463.0,4467.25,-42.5,-45.58,4.0,2.0,2.0,0.0,2,529.0,3.08,0.0,4467.25,4452.0,MS (A),
ŁukaszK,2023-04-18T10:17:08-0400,2023-04-18T10:25:11-0400,2023-04-18T10:25:11-0400,ESM23,long,USD,ES,future,4181.5,4178.0,-175.0,-179.58,2.0,1.0,1.0,0.0,2,483.0,4.58,0.0,4178.0,4193.0,"MRL (B),Pre-empt",
ŁukaszK,2023-12-18T10:17:20-0500,2023-12-18T10:45:55-0500,2023-12-18T10:45:55-0500,MESH24,long,USD,MES,future,4789.0,4785.5,-35.0,-35.0,4.0,2.0,2.0,0.0,3,1715.0,0.0,0.0,N/A,N/A,ML (A),<br>
ŁukaszK,2023-11-09T10:40:11-0500,2023-11-09T10:51:11-0500,2023-11-09T10:51:11-0500,MESZ23,short,USD,MES,future,4388.0,4392.0,-40.0,-43.08,4.0,2.0,2.0,0.0,2,660.0,3.08,0.0,4392.0,4380.0,MS (A),
ŁukaszK,2023-06-06T10:41:53-0400,2023-06-06T11:21:52-0400,2023-06-06T11:21:52-0400,MESM23,long,USD,MES,future,4284.0,4285.0,73.75,69.13,6.0,3.0,3.0,0.0,4,2399.0,4.62,0.0,4280.25,4293.0,ML (A),
ŁukaszK,2023-04-20T12:42:20-0400,2023-04-20T12:46:00-0400,2023-04-20T12:46:00-0400,ESM23,long,USD,ES,future,4163.0,4163.75,37.5,32.92,2.0,1.0,1.0,0.0,2,220.0,4.58,0.0,N/A,N/A,"ML (C),Pre-empt",
ŁukaszK,2023-06-27T03:00:56-0400,2023-06-27T04:30:55-0400,2023-06-27T04:30:55-0400,MESU23,long,USD,MES,future,4383.25,4379.5,-56.25,-60.87,6.0,3.0,3.0,0.0,2,5399.0,4.62,0.0,4379.5,4391.0,ML (A+),
ŁukaszK,2023-05-17T15:05:16-0400,2023-05-17T15:20:27-0400,2023-05-17T15:20:27-0400,MESM23,long,USD,MES,future,4169.5,4171.0,15.0,11.92,4.0,2.0,2.0,0.0,2,911.0,3.08,0.0,4165.5,4182.5,ML (A),
ŁukaszK,2023-06-27T10:35:43-0400,2023-06-27T11:04:45-0400,2023-06-27T11:04:45-0400,MESU23,long,USD,MES,future,4386.25,4385.0,41.25,36.63,6.0,3.0,3.0,0.0,3,1742.0,4.62,0.0,4383.5,4495.0,ML (A),
ŁukaszK,2023-11-09T09:48:58-0500,2023-11-09T09:52:01-0500,2023-11-09T09:52:01-0500,MESZ23,short,USD,MES,future,4395.5,4399.5,-40.0,-43.08,4.0,2.0,2.0,0.0,2,183.0,3.08,0.0,4399.5,4380.0,MS (A),
ŁukaszK,2023-10-19T10:37:14-0400,2023-10-19T11:25:01-0400,2023-10-19T11:25:01-0400,MESZ23,short,USD,MES,future,4331.75,4328.5,180.0,167.68,16.0,8.0,8.0,0.0,3,2867.0,12.32,0.0,4335.75,4326.0,MS (A),<br>
ŁukaszK,2023-11-08T10:00:03-0500,2023-11-08T10:01:07-0500,2023-11-08T10:01:07-0500,MESZ23,long,USD,MES,future,4404.75,4401.0,-37.5,-40.58,4.0,2.0,2.0,0.0,4,64.0,3.08,0.0,N/A,N/A,ML (A),
ŁukaszK,2023-08-01T10:29:28-0400,2023-08-01T10:35:25-0400,2023-08-01T10:35:25-0400,ESU23,short,USD,ES,future,4594.75,4598.75,-200.0,-204.58,2.0,1.0,1.0,0.0,2,357.0,4.58,0.0,N/A,N/A,MS (A),
ŁukaszK,2023-05-09T06:35:01-0400,2023-05-09T07:24:18-0400,2023-05-09T07:24:18-0400,MESM23,long,USD,MES,future,4138.5,4135.5,-30.0,-33.08,4.0,2.0,2.0,0.0,2,2957.0,3.08,0.0,4135.5,4145.0,MRL (A),
ŁukaszK,2023-04-11T10:50:01-0400,2023-04-11T11:19:29-0400,2023-04-11T11:19:29-0400,ESM23,long,USD,ES,future,4134.25,4138.75,225.0,220.42,2.0,1.0,1.0,0.0,2,1768.0,4.58,0.0,4131.0,4138.75,MRL (A),
ŁukaszK,2023-10-06T10:21:53-0400,2023-10-06T10:30:07-0400,2023-10-06T10:30:07-0400,MESZ23,long,USD,MES,future,4257.5,4279.0,450.0,440.76,12.0,6.0,6.0,0.0,3,494.0,9.24,0.0,4253.5,4279.0,MRL (B),<br>
ŁukaszK,2023-10-05T10:15:51-0400,2023-10-05T10:17:57-0400,2023-10-05T10:17:57-0400,MESZ23,short,USD,MES,future,4276.5,4280.25,-112.5,-121.74,12.0,6.0,6.0,0.0,2,126.0,9.24,0.0,4280.5,4266.0,MS (B),<br>
ŁukaszK,2023-05-18T09:51:59-0400,2023-05-18T09:55:23-0400,2023-05-18T09:55:23-0400,MESM23,long,USD,MES,future,4169.75,4166.0,-37.5,-40.58,4.0,2.0,2.0,0.0,2,204.0,3.08,0.0,4166.0,4182.5,ML (B),
ŁukaszK,2023-04-20T11:30:00-0400,2023-04-20T11:34:56-0400,2023-04-20T11:34:56-0400,ESM23,long,USD,ES,future,4156.5,4152.75,-187.5,-192.08,2.0,1.0,1.0,0.0,2,296.0,4.58,0.0,4152.75,4168.25,ML (B),
ŁukaszK,2023-05-31T10:48:35-0400,2023-05-31T10:55:34-0400,2023-05-31T10:55:34-0400,MESM23,short,USD,MES,future,4179.0,4182.75,-56.25,-60.87,6.0,3.0,3.0,0.0,2,419.0,4.62,0.0,4182.75,4170.0,MS (A),
ŁukaszK,2023-07-28T12:11:32-0400,2023-07-28T12:32:02-0400,2023-07-28T12:32:02-0400,ESU23,long,USD,ES,future,4609.5,4613.0,175.0,171.71,2.0,1.0,1.0,0.0,2,1230.0,3.29,0.0,N/A,N/A,ML (A),
ŁukaszK,2023-11-08T09:51:35-0500,2023-11-08T09:58:36-0500,2023-11-08T09:58:36-0500,MESZ23,long,USD,MES,future,4407.0,4403.0,-40.0,-40.0,4.0,2.0,2.0,0.0,4,421.0,0.0,0.0,4403.0,4416.0,ML (A),<br>
ŁukaszK,2023-06-05T14:31:09-0400,2023-06-05T14:53:19-0400,2023-06-05T14:53:19-0400,MESM23,short,USD,MES,future,4286.0,4279.5,97.5,92.88,6.0,3.0,3.0,0.0,4,1330.0,4.62,0.0,4290.5,4278.0,MS (A),
ŁukaszK,2023-12-05T10:19:53-0500,2023-12-05T10:25:53-0500,2023-12-05T10:25:53-0500,MESZ23,long,USD,MES,future,4572.5,4571.5,-20.0,-25.76,8.0,4.0,4.0,0.0,2,360.0,5.76,0.0,4568.5,4584.0,ML (A),
ŁukaszK,2023-11-13T10:09:00-0500,2023-11-13T11:33:07-0500,2023-11-13T11:33:07-0500,MESZ23,long,USD,MES,future,4411.75,4429.0,122.5,119.42,4.0,2.0,2.0,0.0,4,5047.0,3.08,0.0,4408.5,4429.0,MRL (A),
ŁukaszK,2023-11-16T10:05:37-0500,2023-11-16T10:15:19-0500,2023-11-16T10:15:19-0500,MESZ23,long,USD,MES,future,4522.75,4517.25,-75.0,-81.16,8.0,4.0,4.0,0.0,8,582.0,6.16,0.0,4517.25,4533.0,ML (A+),
ŁukaszK,2023-08-24T13:13:47-0400,2023-08-24T14:01:05-0400,2023-08-24T14:01:05-0400,MESU23,short,USD,MES,future,4413.0,4413.0,28.75,25.67,4.0,2.0,2.0,0.0,4,2838.0,3.08,0.0,4417.0,4400.0,MS (A+),<br>
ŁukaszK,2023-06-14T09:59:56-0400,2023-06-14T10:25:13-0400,2023-06-14T10:25:13-0400,MESU23,long,USD,MES,future,4424.0,4424.75,43.75,39.13,6.0,3.0,3.0,0.0,4,1517.0,4.62,0.0,4420.25,4432.0,ML (A),
ŁukaszK,2023-06-15T14:22:22-0400,2023-06-15T14:52:46-0400,2023-06-15T14:52:46-0400,MESU23,long,USD,MES,future,4462.75,4476.75,97.5,94.42,4.0,2.0,2.0,0.0,3,1824.0,3.08,0.0,4458.5,4480.0,"EarlyClose,ML (A)",
ŁukaszK,2023-06-02T10:51:18-0400,2023-06-02T11:34:31-0400,2023-06-02T11:34:31-0400,MESM23,long,USD,MES,future,4274.25,4283.75,125.0,120.38,6.0,3.0,3.0,0.0,4,2593.0,4.62,0.0,4270.5,4285.0,ML (A),
ŁukaszK,2023-11-09T10:00:58-0500,2023-11-09T10:07:40-0500,2023-11-09T10:07:40-0500,MESZ23,short,USD,MES,future,4400.0,4390.0,70.0,66.92,4.0,2.0,2.0,0.0,3,402.0,3.08,0.0,4404.0,4390.0,MRS (A),<br>
ŁukaszK,2023-07-21T15:22:04-0400,2023-07-21T15:59:53-0400,2023-07-21T15:59:53-0400,ESU23,short,USD,ES,future,4568.5,4564.0,225.0,220.42,2.0,1.0,1.0,0.0,2,2269.0,4.58,0.0,4580.25,4560.0,MS (A+),
ŁukaszK,2023-04-18T12:50:00-0400,2023-04-18T12:51:32-0400,2023-04-18T12:51:32-0400,ESM23,long,USD,ES,future,4177.5,4174.5,-150.0,-154.58,2.0,1.0,1.0,0.0,2,92.0,4.58,0.0,4174.5,4189.0,ML (B),
ŁukaszK,2023-11-20T10:16:29-0500,2023-11-20T10:42:25-0500,2023-11-20T10:42:25-0500,MESZ23,short,USD,MES,future,4538.5,4540.5,-20.0,-20.0,4.0,2.0,2.0,0.0,4,1556.0,0.0,0.0,N/A,N/A,,CleanOrder.twconfig
ŁukaszK,2023-08-25T09:45:56-0400,2023-08-25T09:51:53-0400,2023-08-25T09:51:53-0400,MESU23,long,USD,MES,future,4406.75,4403.75,-30.0,-33.08,4.0,2.0,2.0,0.0,2,357.0,3.08,0.0,N/A,N/A,ML (A),
ŁukaszK,2023-07-25T14:03:56-0400,2023-07-25T14:38:18-0400,2023-07-25T14:38:18-0400,ESU23,long,USD,ES,future,4600.75,4606.75,300.0,300.0,2.0,1.0,1.0,0.0,2,2062.0,0.0,0.0,4596.75,4608.75,,
ŁukaszK,2023-04-10T11:23:56-0400,2023-04-10T11:27:01-0400,2023-04-10T11:27:01-0400,ESM23,short,USD,ES,future,4112.75,4112.75,0.0,-4.58,2.0,1.0,1.0,0.0,2,185.0,4.58,0.0,4116.0,4106.0,"EarlyClose,MRS (A)",
ŁukaszK,2023-05-17T11:50:00-0400,2023-05-17T12:28:51-0400,2023-05-17T12:28:51-0400,MESM23,short,USD,MES,future,4144.5,4148.75,-42.5,-45.58,4.0,2.0,2.0,0.0,2,2331.0,3.08,0.0,4148.75,4137.0,MRS (B),
ŁukaszK,2023-09-11T11:08:07-0400,2023-09-11T11:22:26-0400,2023-09-11T11:22:26-0400,MESZ23,short,USD,MES,future,4521.25,4525.25,-40.0,-43.08,4.0,2.0,2.0,0.0,2,859.0,3.08,0.0,4525.25,4511.25,MS (A),
ŁukaszK,2023-04-21T09:59:10-0400,2023-04-21T10:02:58-0400,2023-04-21T10:02:58-0400,ESM23,short,USD,ES,future,4144.75,4140.25,225.0,220.42,2.0,1.0,1.0,0.0,2,228.0,4.58,0.0,4148.0,4140.0,"EarlyClose,MS (A)",
ŁukaszK,2023-07-20T13:09:23-0400,2023-07-20T13:32:48-0400,2023-07-20T13:32:48-0400,ESU23,short,USD,ES,future,4576.25,4580.25,-200.0,-204.58,2.0,1.0,1.0,0.0,2,1405.0,4.58,0.0,N/A,N/A,MS (A),
ŁukaszK,2023-06-07T15:00:04-0400,2023-06-07T15:10:18-0400,2023-06-07T15:10:18-0400,MESM23,long,USD,MES,future,4278.25,4274.0,-42.5,-45.58,4.0,2.0,2.0,0.0,2,614.0,3.08,0.0,4274.0,4285.0,MRL (B),
ŁukaszK,2023-12-07T10:02:47-0500,2023-12-07T10:08:30-0500,2023-12-07T10:08:30-0500,MESZ23,short,USD,MES,future,4573.0,4577.5,-90.0,-95.76,8.0,4.0,4.0,0.0,2,343.0,5.76,0.0,4577.5,4566.5,MRS (A),
ŁukaszK,2023-08-18T10:30:22-0400,2023-08-18T11:00:04-0400,2023-08-18T11:00:04-0400,MESU23,long,USD,MES,future,4360.5,4372.0,86.25,83.17,4.0,2.0,2.0,0.0,3,1782.0,3.08,0.0,4357.5,4372.0,MRL (A+),<br>
ŁukaszK,2023-07-19T12:42:54-0400,2023-07-19T13:08:04-0400,2023-07-19T13:08:04-0400,ESU23,long,USD,ES,future,4596.0,4592.0,-200.0,-204.58,2.0,1.0,1.0,0.0,2,1510.0,4.58,0.0,N/A,N/A,MRL (A),
ŁukaszK,2023-04-17T11:05:51-0400,2023-04-17T11:14:02-0400,2023-04-17T11:14:02-0400,ESM23,long,USD,ES,future,4161.0,4157.5,-175.0,-179.58,2.0,1.0,1.0,0.0,2,491.0,4.58,0.0,4157.5,4166.5,MRL (C),
ŁukaszK,2023-10-18T10:34:05-0400,2023-10-18T11:01:48-0400,2023-10-18T11:01:48-0400,MESZ23,short,USD,MES,future,4374.25,4368.5,180.0,167.68,16.0,8.0,8.0,0.0,5,1663.0,12.32,0.0,4380.5,4369.0,MS (A),<br>
ŁukaszK,2023-08-31T10:05:30-0400,2023-08-31T10:13:32-0400,2023-08-31T10:13:32-0400,MESU23,short,USD,MES,future,4531.75,4535.75,-40.0,-43.08,4.0,2.0,2.0,0.0,2,482.0,3.08,0.0,4535.75,4515.5,MRS (A),
ŁukaszK,2023-11-02T11:24:36-0400,2023-11-02T11:52:08-0400,2023-11-02T11:52:08-0400,MESZ23,long,USD,MES,future,4317.25,4317.0,-2.5,-5.58,4.0,2.0,2.0,0.0,3,1652.0,3.08,0.0,4313.25,4323.25,ML (A+),SimpleBracket.twconfig
ŁukaszK,2023-06-20T10:54:09-0400,2023-06-20T11:00:51-0400,2023-06-20T11:00:51-0400,MESU23,short,USD,MES,future,4415.25,4421.0,-77.5,-83.66,8.0,4.0,4.0,0.0,4,402.0,6.16,0.0,4419.0,4402.0,MS (A+),
ŁukaszK,2023-12-14T03:34:30-0500,2023-12-14T04:09:53-0500,2023-12-14T04:09:53-0500,MESH24,short,USD,MES,future,4778.25,4771.75,107.5,101.34,8.0,4.0,4.0,0.0,3,2123.0,6.16,0.0,4782.25,4768.0,MRS (A),<br>
ŁukaszK,2023-06-27T11:16:48-0400,2023-06-27T11:26:57-0400,2023-06-27T11:26:57-0400,MESU23,long,USD,MES,future,4387.0,4389.0,30.0,26.92,4.0,2.0,2.0,0.0,3,609.0,3.08,0.0,4384.75,4495.0,ML (A),
ŁukaszK,2023-06-20T10:10:43-0400,2023-06-20T10:14:20-0400,2023-06-20T10:14:20-0400,MESU23,long,USD,MES,future,4433.75,4429.5,-42.5,-45.58,4.0,2.0,2.0,0.0,2,217.0,3.08,0.0,4429.5,4442.25,MRL (B),
ŁukaszK,2023-08-25T10:29:16-0400,2023-08-25T11:06:18-0400,2023-08-25T11:06:18-0400,MESU23,short,USD,MES,future,4391.0,4375.0,115.0,111.92,4.0,2.0,2.0,0.0,3,2222.0,3.08,0.0,4395.0,4462.0,MS (B),<br>
ŁukaszK,2023-10-27T10:20:38-0400,2023-10-27T10:39:20-0400,2023-10-27T10:39:20-0400,MESZ23,long,USD,MES,future,4161.0,4157.0,-40.0,-43.08,4.0,2.0,2.0,0.0,2,1122.0,3.08,0.0,4157.0,4175.0,MRL (A),<br>
ŁukaszK,2023-07-10T10:14:19-0400,2023-07-10T10:18:43-0400,2023-07-10T10:18:43-0400,ESU23,long,USD,ES,future,4444.0,4441.0,-150.0,-154.58,2.0,1.0,1.0,0.0,2,264.0,4.58,0.0,4441.0,4450.0,ML (A),
ŁukaszK,2023-09-13T11:22:07-0400,2023-09-13T11:50:01-0400,2023-09-13T11:50:01-0400,MESZ23,long,USD,MES,future,4524.25,4525.5,28.75,25.67,4.0,2.0,2.0,0.0,3,1674.0,3.08,0.0,4521.25,4532.25,ML (A),
ŁukaszK,2023-12-04T09:42:01-0500,2023-12-04T10:02:15-0500,2023-12-04T10:02:15-0500,MESZ23,long,USD,MES,future,4573.5,4569.5,-80.0,-84.96,8.0,4.0,4.0,0.0,2,1214.0,4.96,0.0,4569.5,4591.0,MRL (A),
ŁukaszK,2023-09-08T10:35:26-0400,2023-09-08T10:41:02-0400,2023-09-08T10:41:02-0400,MESU23,long,USD,MES,future,4473.25,4469.25,-40.0,-43.08,4.0,2.0,2.0,0.0,2,336.0,3.08,0.0,4469.25,4482.0,ML (A),
ŁukaszK,2023-06-28T10:23:09-0400,2023-06-28T10:23:48-0400,2023-06-28T10:23:48-0400,MESU23,long,USD,MES,future,4411.75,4408.0,-37.5,-40.58,4.0,2.0,2.0,0.0,2,39.0,3.08,0.0,4408.0,4418.75,"ML (B),Pre-empt",
ŁukaszK,2023-11-22T10:29:01-0500,2023-11-22T10:46:00-0500,2023-11-22T10:46:00-0500,MESZ23,long,USD,MES,future,4564.5,4569.0,55.0,52.02,4.0,2.0,2.0,0.0,3,1019.0,2.98,0.0,4560.5,4571.0,MRL (A),
ŁukaszK,2023-07-14T11:00:36-0400,2023-07-14T11:37:07-0400,2023-07-14T11:37:07-0400,ESU23,long,USD,ES,future,4549.0,4555.0,300.0,295.42,2.0,1.0,1.0,0.0,2,2191.0,4.58,0.0,4545.25,4555.0,MRL (A),
ŁukaszK,2023-04-04T13:48:28-0400,2023-04-04T14:18:02-0400,2023-04-04T14:18:02-0400,ESM23,long,USD,ES,future,4130.5,4127.75,-137.5,-142.08,2.0,1.0,1.0,0.0,2,1774.0,4.58,0.0,4127.75,4142.0,MRL (B),
ŁukaszK,2023-05-31T14:32:10-0400,2023-05-31T14:55:00-0400,2023-05-31T14:55:00-0400,MESM23,short,USD,MES,future,4195.75,4192.5,45.0,41.92,4.0,2.0,2.0,0.0,3,1370.0,3.08,0.0,4182.0,4170.0,MS (A),
ŁukaszK,2023-09-11T10:38:53-0400,2023-09-11T11:01:15-0400,2023-09-11T11:01:15-0400,MESZ23,long,USD,MES,future,4526.0,4522.0,5.0,1.92,4.0,2.0,2.0,0.0,3,1342.0,3.08,0.0,4522.0,4536.0,MRL (B),
ŁukaszK,2023-11-13T10:54:20-0500,2023-11-13T11:06:02-0500,2023-11-13T11:06:02-0500,MESZ23,short,USD,MES,future,4410.5,4414.5,-40.0,-43.08,4.0,2.0,2.0,0.0,2,702.0,3.08,0.0,4414.5,4400.0,MS (A),
ŁukaszK,2023-10-16T09:51:32-0400,2023-10-16T09:53:26-0400,2023-10-16T09:53:26-0400,MESZ23,short,USD,MES,future,4382.25,4386.25,-160.0,-172.32,16.0,8.0,8.0,0.0,4,114.0,12.32,0.0,4386.25,4375.5,MRS (A),<br>
ŁukaszK,2023-05-23T03:55:24-0400,2023-05-23T05:21:58-0400,2023-05-23T05:21:58-0400,MESM23,long,USD,MES,future,4204.0,4199.75,-42.5,-45.58,4.0,2.0,2.0,0.0,2,5194.0,3.08,0.0,4199.75,4210.0,MRL (B),
ŁukaszK,2023-08-16T09:41:51-0400,2023-08-16T10:00:06-0400,2023-08-16T10:00:06-0400,MESU23,long,USD,MES,future,4461.0,4457.0,0.0,-3.08,4.0,2.0,2.0,0.0,3,1095.0,3.08,0.0,4457.0,4469.0,ML (A),<br>
ŁukaszK,2023-08-16T14:54:38-0400,2023-08-16T15:06:35-0400,2023-08-16T15:06:35-0400,MESU23,short,USD,MES,future,4439.25,4438.25,10.0,6.92,4.0,2.0,2.0,0.0,2,717.0,3.08,0.0,4442.25,4430.0,"EarlyClose,MS (A+)",<br>
ŁukaszK,2023-04-18T10:25:13-0400,2023-04-18T10:35:43-0400,2023-04-18T10:35:43-0400,ESM23,short,USD,ES,future,4178.0,4168.25,487.5,482.92,2.0,1.0,1.0,0.0,2,630.0,4.58,0.0,4181.75,4166.0,MS (A),
ŁukaszK,2023-09-19T10:32:04-0400,2023-09-19T11:03:06-0400,2023-09-19T11:03:06-0400,MESZ23,short,USD,MES,future,4477.0,4468.0,72.5,69.42,4.0,2.0,2.0,0.0,3,1862.0,3.08,0.0,4481.0,4468.0,MS (A+),
ŁukaszK,2023-12-01T10:06:26-0500,2023-12-01T10:14:05-0500,2023-12-01T10:14:05-0500,MESZ23,long,USD,MES,future,4577.5,4573.5,-80.0,-84.8,8.0,4.0,4.0,0.0,2,459.0,4.8,0.0,4573.5,4597.5,ML (A),
ŁukaszK,2023-05-25T03:06:33-0400,2023-05-25T03:35:08-0400,2023-05-25T03:35:08-0400,MESM23,short,USD,MES,future,4147.0,4139.25,92.5,86.34,8.0,4.0,4.0,0.0,4,1715.0,6.16,0.0,4150.0,4139.75,MRS (A),
ŁukaszK,2023-10-20T10:03:21-0400,2023-10-20T10:50:00-0400,2023-10-20T10:50:00-0400,MESZ23,short,USD,MES,future,4287.75,4268.75,427.5,415.18,16.0,8.0,8.0,0.0,4,2799.0,12.32,0.0,4293.75,4255.0,MS (A+),<br>
ŁukaszK,2023-05-12T12:02:43-0400,2023-05-12T12:33:02-0400,2023-05-12T12:33:02-0400,MESM23,short,USD,MES,future,4133.5,4124.0,47.5,45.96,2.0,1.0,1.0,0.0,2,1819.0,1.54,0.0,4137.25,4115.0,MS (A),
ŁukaszK,2023-09-27T10:43:18-0400,2023-09-27T10:54:02-0400,2023-09-27T10:54:02-0400,MESZ23,short,USD,MES,future,4318.25,4308.0,165.0,158.84,8.0,4.0,4.0,0.0,3,644.0,6.16,0.0,4321.5,4308.0,MS (A),<br>
ŁukaszK,2023-08-14T11:15:55-0400,2023-08-14T12:09:24-0400,2023-08-14T12:09:24-0400,MESU23,long,USD,MES,future,4493.5,4496.25,30.0,25.38,6.0,3.0,3.0,0.0,4,3209.0,4.62,0.0,4489.5,44506.0,ML (A+),<br>
ŁukaszK,2023-06-08T10:40:38-0400,2023-06-08T12:02:19-0400,2023-06-08T12:02:19-0400,MESM23,long,USD,MES,future,4279.5,4283.5,67.5,62.88,6.0,3.0,3.0,0.0,4,4901.0,4.62,0.0,4275.5,4292.0,ML (A),
ŁukaszK,2023-08-21T10:44:36-0400,2023-08-21T10:56:54-0400,2023-08-21T10:56:54-0400,MESU23,short,USD,MES,future,4387.5,4387.75,-2.5,-5.58,4.0,2.0,2.0,0.0,2,738.0,3.08,0.0,N/A,N/A,MS (A),<br>
ŁukaszK,2023-04-10T11:19:22-0400,2023-04-10T11:21:51-0400,2023-04-10T11:21:51-0400,ESM23,short,USD,ES,future,4113.0,4114.75,-87.5,-92.08,2.0,1.0,1.0,0.0,2,149.0,4.58,0.0,4115.75,4106.0,"EarlyClose,MRS (A)",
ŁukaszK,2023-08-17T09:36:17-0400,2023-08-17T09:55:22-0400,2023-08-17T09:55:22-0400,MESU23,short,USD,MES,future,4430.25,4420.5,70.0,66.92,4.0,2.0,2.0,0.0,3,1145.0,3.08,0.0,4434.25,4420.25,MRS (A),<br>
ŁukaszK,2023-04-19T11:11:57-0400,2023-04-19T11:22:54-0400,2023-04-19T11:22:54-0400,ESM23,long,USD,ES,future,4170.25,4168.25,-100.0,-104.58,2.0,1.0,1.0,0.0,2,657.0,4.58,0.0,4168.25,4180.0,ML (A),
ŁukaszK,2023-08-18T10:05:10-0400,2023-08-18T10:06:10-0400,2023-08-18T10:06:10-0400,MESU23,long,USD,MES,future,4364.0,4360.0,-40.0,-43.08,4.0,2.0,2.0,0.0,2,60.0,3.08,0.0,4361.5,4376.0,MRL (C),<br>
ŁukaszK,2023-05-04T10:42:17-0400,2023-05-04T10:45:46-0400,2023-05-04T10:45:46-0400,MESM23,long,USD,MES,future,4071.75,4067.25,-22.5,-24.04,2.0,1.0,1.0,0.0,2,209.0,1.54,0.0,4067.25,4085.0,"LateEntry,MRL (B)",
ŁukaszK,2023-12-19T09:47:17-0500,2023-12-19T13:08:08-0500,2023-12-19T13:08:08-0500,MESH24,long,USD,MES,future,4804.5,4810.5,135.0,128.84,8.0,4.0,4.0,0.0,3,12051.0,6.16,0.0,4800.5,4823.0,ML (A+),<br>
ŁukaszK,2023-04-03T11:16:50-0400,2023-04-03T11:28:45-0400,2023-04-03T11:28:45-0400,ESM23,long,USD,ES,future,4131.75,4133.75,100.0,95.42,2.0,1.0,1.0,0.0,2,715.0,4.58,0.0,4127.75,N/A,"EarlyClose,MRL (A)",
ŁukaszK,2023-05-24T10:20:56-0400,2023-05-24T11:08:45-0400,2023-05-24T11:08:45-0400,MESM23,short,USD,MES,future,4124.5,4122.25,48.75,44.13,6.0,3.0,3.0,0.0,3,2869.0,4.62,0.0,4128.25,4115.0,MS (A+),
ŁukaszK,2023-07-25T10:47:06-0400,2023-07-25T11:22:17-0400,2023-07-25T11:22:17-0400,ESU23,short,USD,ES,future,4587.75,4590.75,-150.0,-150.0,2.0,1.0,1.0,0.0,2,2111.0,0.0,0.0,4590.75,4983.5,,
ŁukaszK,2023-05-30T11:57:12-0400,2023-05-30T12:05:38-0400,2023-05-30T12:05:38-0400,MESM23,long,USD,MES,future,4220.0,4215.0,-75.0,-79.62,6.0,3.0,3.0,0.0,2,506.0,4.62,0.0,4115.25,4232.0,MRL (A),
ŁukaszK,2023-11-08T10:12:12-0500,2023-11-08T10:45:23-0500,2023-11-08T10:45:23-0500,MESZ23,short,USD,MES,future,4398.5,4397.75,32.5,29.42,4.0,2.0,2.0,0.0,4,1991.0,3.08,0.0,N/A,N/A,MRS (A),
ŁukaszK,2023-04-05T14:50:02-0400,2023-04-05T15:16:23-0400,2023-04-05T15:16:23-0400,ESM23,short,USD,ES,future,4115.25,4111.25,200.0,195.42,2.0,1.0,1.0,0.0,2,1581.0,4.58,0.0,4118.25,4111.25,MRS (A),
ŁukaszK,2023-11-09T10:56:27-0500,2023-11-09T11:18:22-0500,2023-11-09T11:18:22-0500,MESZ23,long,USD,MES,future,4394.0,4403.25,66.25,63.17,4.0,2.0,2.0,0.0,3,1315.0,3.08,0.0,4390.0,4403.25,MRL (A),
ŁukaszK,2023-08-07T09:40:30-0400,2023-08-07T09:41:30-0400,2023-08-07T09:41:30-0400,ESU23,long,USD,ES,future,4525.25,4521.25,-200.0,-204.58,2.0,1.0,1.0,0.0,2,60.0,4.58,0.0,4521.25,4536.75,"ML (A+),OpenTrade",
ŁukaszK,2023-04-17T11:00:05-0400,2023-04-17T11:04:18-0400,2023-04-17T11:04:18-0400,ESM23,long,USD,ES,future,4161.25,4157.5,-187.5,-192.08,2.0,1.0,1.0,0.0,2,253.0,4.58,0.0,4157.5,4166.5,MRL (C),
ŁukaszK,2023-05-11T11:10:01-0400,2023-05-11T11:22:42-0400,2023-05-11T11:22:42-0400,MESM23,short,USD,MES,future,4134.5,4135.75,-6.25,-7.79,2.0,1.0,1.0,0.0,2,761.0,1.54,0.0,4139.25,4129.0,MRS (B),
ŁukaszK,2023-10-25T10:33:40-0400,2023-10-25T11:10:08-0400,2023-10-25T11:10:08-0400,MESZ23,long,USD,MES,future,4233.0,4244.25,177.5,165.18,16.0,8.0,8.0,0.0,5,2188.0,12.32,0.0,4225.0,4243.0,MRL (B),<br>
ŁukaszK,2023-05-08T03:55:36-0400,2023-05-08T08:33:49-0400,2023-05-08T08:33:49-0400,MESM23,long,USD,MES,future,4151.75,4158.75,87.5,82.88,6.0,3.0,3.0,0.0,3,16693.0,4.62,0.0,4149.75,4162.0,ML (A+),
ŁukaszK,2023-09-07T10:36:03-0400,2023-09-07T10:49:21-0400,2023-09-07T10:49:21-0400,MESU23,long,USD,MES,future,4437.5,4450.0,62.5,60.96,2.0,1.0,1.0,0.0,2,798.0,1.54,0.0,4432.5,4454.0,MRL (B),
ŁukaszK,2023-09-26T11:02:29-0400,2023-09-26T12:10:01-0400,2023-09-26T12:10:01-0400,MESZ23,short,USD,MES,future,4335.0,4329.75,161.25,155.09,8.0,4.0,4.0,0.0,4,4052.0,6.16,0.0,4339.25,4324.0,MS (A+),<br>
ŁukaszK,2023-09-18T09:45:53-0400,2023-09-18T09:51:58-0400,2023-09-18T09:51:58-0400,MESZ23,short,USD,MES,future,4491.75,4495.75,-40.0,-43.08,4.0,2.0,2.0,0.0,2,365.0,3.08,0.0,4495.75,4477.0,MS (A+),
ŁukaszK,2023-04-06T11:00:00-0400,2023-04-06T11:04:22-0400,2023-04-06T11:04:22-0400,ESM23,long,USD,ES,future,4104.0,4108.5,225.0,220.42,2.0,1.0,1.0,0.0,2,262.0,4.58,0.0,4101.0,4108.5,MRL (B),
ŁukaszK,2023-05-24T10:15:58-0400,2023-05-24T10:17:11-0400,2023-05-24T10:17:11-0400,MESM23,short,USD,MES,future,4122.75,4127.25,-67.5,-72.12,6.0,3.0,3.0,0.0,2,73.0,4.62,0.0,4127.25,4115.0,MS (A+),
ŁukaszK,2023-05-17T11:06:43-0400,2023-05-17T11:17:03-0400,2023-05-17T11:17:03-0400,MESM23,short,USD,MES,future,4136.75,4140.5,-56.25,-60.87,6.0,3.0,3.0,0.0,2,620.0,4.62,0.0,4140.5,4130.75,MRS (B),
ŁukaszK,2023-06-06T14:02:19-0400,2023-06-06T14:09:51-0400,2023-06-06T14:09:51-0400,MESM23,short,USD,MES,future,4275.0,4278.0,-45.0,-49.62,6.0,3.0,3.0,0.0,2,452.0,4.62,0.0,4278.0,4257.0,MS (A),
ŁukaszK,2023-04-14T14:44:18-0400,2023-04-14T14:45:55-0400,2023-04-14T14:45:55-0400,ESM23,long,USD,ES,future,4157.75,4156.25,-75.0,-79.58,2.0,1.0,1.0,0.0,2,97.0,4.58,0.0,4154.75,4172.0,"MRL (C),Pre-empt",
ŁukaszK,2023-04-04T10:55:03-0400,2023-04-04T10:58:00-0400,2023-04-04T10:58:00-0400,ESM23,long,USD,ES,future,4144.25,4141.0,-162.5,-167.08,2.0,1.0,1.0,0.0,2,177.0,4.58,0.0,4141.0,4153.0,MRL (A),
ŁukaszK,2023-08-02T10:23:56-0400,2023-08-02T10:55:17-0400,2023-08-02T10:55:17-0400,ESU23,short,USD,ES,future,4555.25,4542.0,662.5,657.92,2.0,1.0,1.0,0.0,2,1881.0,4.58,0.0,4559.25,4542.0,MS (A),
ŁukaszK,2023-04-10T11:02:07-0400,2023-04-10T11:07:48-0400,2023-04-10T11:07:48-0400,ESM23,long,USD,ES,future,4110.25,4111.0,37.5,32.92,2.0,1.0,1.0,0.0,2,341.0,4.58,0.0,N/A,N/A,"EarlyClose,Impulse (F)",
ŁukaszK,2023-04-10T13:45:02-0400,2023-04-10T14:10:01-0400,2023-04-10T14:10:01-0400,ESM23,long,USD,ES,future,4124.75,4125.75,50.0,45.42,2.0,1.0,1.0,0.0,2,1499.0,4.58,0.0,4121.75,4130.0,"EarlyClose,ML (B)",
ŁukaszK,2023-10-26T10:42:44-0400,2023-10-26T10:50:06-0400,2023-10-26T10:50:06-0400,MESZ23,long,USD,MES,future,4183.5,4196.5,350.0,337.68,16.0,8.0,8.0,0.0,3,442.0,12.32,0.0,4179.5,4196.5,MRL (A),
ŁukaszK,2023-06-15T10:45:46-0400,2023-06-15T11:14:10-0400,2023-06-15T11:14:10-0400,MESU23,long,USD,MES,future,4438.5,4443.75,77.5,72.88,6.0,3.0,3.0,0.0,3,1704.0,4.62,0.0,4434.75,4446.0,ML (A),
ŁukaszK,2023-04-20T11:10:07-0400,2023-04-20T11:11:01-0400,2023-04-20T11:11:01-0400,ESM23,long,USD,ES,future,4158.0,4157.0,-50.0,-54.58,2.0,1.0,1.0,0.0,2,54.0,4.58,0.0,4152.75,4168.25,"ML (B),SLmistake",
ŁukaszK,2023-10-18T11:05:34-0400,2023-10-18T11:25:01-0400,2023-10-18T11:25:01-0400,MESZ23.FUT,short,USD,MESZ23.FUT,stock,4369.75,4369.0,6.0,-6.32,16.0,8.0,8.0,0.0,2,1167.0,12.32,0.0,4373.75,4361.0,MS (A),
ŁukaszK,2023-07-07T04:40:02-0400,2023-07-07T06:03:37-0400,2023-07-07T06:03:37-0400,MESU23,long,USD,MES,future,4439.75,4441.25,57.5,57.5,6.0,3.0,3.0,0.0,3,5015.0,0.0,0.0,4437.0,4450.0,MRL (A),
ŁukaszK,2023-06-30T09:31:18-0400,2023-06-30T10:20:40-0400,2023-06-30T10:20:40-0400,MESU23,long,USD,MES,future,4467.75,4487.0,345.0,338.84,8.0,4.0,4.0,0.0,3,2962.0,6.16,0.0,4464.0,4487.0,"ML (A+),OpenTrade",
ŁukaszK,2023-09-14T10:29:13-0400,2023-09-14T10:45:04-0400,2023-09-14T10:45:04-0400,MESZ23,long,USD,MES,future,4534.25,4545.0,78.75,75.67,4.0,2.0,2.0,0.0,3,951.0,3.08,0.0,4530.75,4545.0,MRL (B),
ŁukaszK,2023-04-12T10:19:14-0400,2023-04-12T10:21:04-0400,2023-04-12T10:21:04-0400,ESM23,short,USD,ES,future,4151.5,4155.5,-200.0,-204.58,2.0,1.0,1.0,0.0,2,110.0,4.58,0.0,4155.5,4136.0,"MS (C),Pre-empt,SLmistake",
ŁukaszK,2023-11-20T10:33:32-0500,2023-11-20T13:35:01-0500,2023-11-20T13:35:01-0500,MESZ23,long,USD,MES,future,4540.0,4558.0,140.0,137.02,4.0,2.0,2.0,0.0,3,10889.0,2.98,0.0,4536.0,4558.0,ML (A+),
ŁukaszK,2023-07-31T10:54:30-0400,2023-07-31T11:12:02-0400,2023-07-31T11:12:02-0400,ESU23,short,USD,ES,future,4611.75,4615.75,-200.0,-204.58,2.0,1.0,1.0,0.0,2,1052.0,4.58,0.0,N/A,N/A,MRS (B),
ŁukaszK,2023-05-19T11:43:25-0400,2023-05-19T11:45:10-0400,2023-05-19T11:45:10-0400,MESM23,short,USD,MES,future,4195.5,4200.25,-47.5,-50.58,4.0,2.0,2.0,0.0,2,105.0,3.08,0.0,4200.25,4184.25,MS (B),
ŁukaszK,2023-05-03T10:36:57-0400,2023-05-03T10:37:44-0400,2023-05-03T10:37:44-0400,ESM23,long,USD,ES,future,4143.75,4141.25,-125.0,-129.58,2.0,1.0,1.0,0.0,2,47.0,4.58,0.0,4141.25,4149.0,MRL (B),
ŁukaszK,2023-04-10T11:29:35-0400,2023-04-10T11:43:28-0400,2023-04-10T11:43:28-0400,ESM23,long,USD,ES,future,4113.5,4115.75,112.5,107.92,2.0,1.0,1.0,0.0,2,833.0,4.58,0.0,4111.0,4121.0,"EarlyClose,ML (C)",
ŁukaszK,2023-05-04T12:15:13-0400,2023-05-04T12:45:10-0400,2023-05-04T12:45:10-0400,MESM23,long,USD,MES,future,4067.5,4072.75,100.0,95.38,6.0,3.0,3.0,0.0,4,1797.0,4.62,0.0,4063.25,4073.0,MRL (B),
ŁukaszK,2023-10-02T10:15:29-0400,2023-10-02T10:22:10-0400,2023-10-02T10:22:10-0400,MESZ23,long,USD,MES,future,4321.25,4320.0,55.0,48.84,8.0,4.0,4.0,0.0,3,401.0,6.16,0.0,4317.25,4336.0,MRL (A),<br>
ŁukaszK,2023-10-26T10:12:49-0400,2023-10-26T10:25:59-0400,2023-10-26T10:25:59-0400,MESZ23,short,USD,MES,future,4180.25,4184.25,-160.0,-172.32,16.0,8.0,8.0,0.0,2,790.0,12.32,0.0,4184.25,4160.0,MS (A),<br>
ŁukaszK,2023-07-19T09:30:54-0400,2023-07-19T10:05:33-0400,2023-07-19T10:05:33-0400,ESU23,long,USD,ES,future,4599.0,4607.0,400.0,395.42,2.0,1.0,1.0,0.0,2,2079.0,4.58,0.0,4595.0,4607.0,"ML (A),OpenTrade",
ŁukaszK,2023-04-26T10:38:54-0400,2023-04-26T10:52:01-0400,2023-04-26T10:52:01-0400,ESM23,short,USD,ES,future,4088.5,4092.75,-212.5,-217.08,2.0,1.0,1.0,0.0,2,787.0,4.58,0.0,4092.5,4072.25,"MS (A+),Pre-empt",
ŁukaszK,2023-07-06T03:54:16-0400,2023-07-06T04:46:43-0400,2023-07-06T04:46:43-0400,MESU23,short,USD,MES,future,4462.75,4466.5,-56.25,-56.25,6.0,3.0,3.0,0.0,2,3147.0,0.0,0.0,4466.5,4456.0,MS (A),
ŁukaszK,2023-04-13T10:43:35-0400,2023-04-13T11:43:54-0400,2023-04-13T11:43:54-0400,ESM23,long,USD,ES,future,4142.0,4146.5,225.0,220.42,2.0,1.0,1.0,0.0,2,3619.0,4.58,0.0,4138.5,4149.0,ML (A),
ŁukaszK,2023-05-11T10:45:34-0400,2023-05-11T10:50:34-0400,2023-05-11T10:50:34-0400,MESM23,long,USD,MES,future,4126.75,4131.75,50.0,46.92,4.0,2.0,2.0,0.0,2,300.0,3.08,0.0,4122.75,4131.75,MRL (B),
ŁukaszK,2023-10-13T10:02:42-0400,2023-10-13T10:10:01-0400,2023-10-13T10:10:01-0400,MESZ23,short,USD,MES,future,4398.5,4395.25,225.0,212.68,16.0,8.0,8.0,0.0,4,439.0,12.32,0.0,4402.5,4480.5,MRS (A),<br>
ŁukaszK,2023-09-06T10:36:11-0400,2023-09-06T10:55:01-0400,2023-09-06T10:55:01-0400,MESU23,short,USD,MES,future,4471.75,4470.0,35.0,31.92,4.0,2.0,2.0,0.0,3,1130.0,3.08,0.0,4475.75,4466.5,MS (A),
ŁukaszK,2023-08-15T11:00:49-0400,2023-08-15T12:09:20-0400,2023-08-15T12:09:20-0400,MESU23,long,USD,MES,future,4467.0,4468.75,40.0,36.92,4.0,2.0,2.0,0.0,3,4111.0,3.08,0.0,4463.0,4479.0,MRL (A),<br>
ŁukaszK,2023-05-18T10:16:05-0400,2023-05-18T11:58:58-0400,2023-05-18T11:58:58-0400,MESM23,long,USD,MES,future,4177.25,4187.0,115.0,110.38,6.0,3.0,3.0,0.0,4,6173.0,4.62,0.0,4173.5,4185.5,ML (A),
ŁukaszK,2023-10-10T10:50:12-0400,2023-10-10T11:15:30-0400,2023-10-10T11:15:30-0400,MESZ23,long,USD,MES,future,4397.75,4410.0,210.0,200.76,12.0,6.0,6.0,0.0,4,1518.0,9.24,0.0,4392.5,4410.0,ML (A+),<br>
ŁukaszK,2023-10-04T10:42:21-0400,2023-10-04T11:05:02-0400,2023-10-04T11:05:02-0400,MESZ23,short,USD,MES,future,4272.25,4262.25,262.5,253.26,12.0,6.0,6.0,0.0,3,1361.0,9.24,0.0,4276.0,4255.0,MRS (A),<br>
ŁukaszK,2023-08-18T09:35:44-0400,2023-08-18T09:57:40-0400,2023-08-18T09:57:40-0400,MESU23,long,USD,MES,future,4360.5,4361.5,35.0,31.92,4.0,2.0,2.0,0.0,3,1316.0,3.08,0.0,4356.5,4376.0,"EarlyClose,MRL (A)",<br>
ŁukaszK,2023-05-30T10:50:01-0400,2023-05-30T11:16:00-0400,2023-05-30T11:16:00-0400,MESM23,long,USD,MES,future,4220.0,4215.0,-75.0,-79.62,6.0,3.0,3.0,0.0,2,1559.0,4.62,0.0,4215.0,4231.25,MRL (A),
ŁukaszK,2023-10-18T10:14:55-0400,2023-10-18T10:19:14-0400,2023-10-18T10:19:14-0400,MESZ23,long,USD,MES,future,4379.5,4389.5,300.0,287.68,16.0,8.0,8.0,0.0,4,259.0,12.32,0.0,4375.5,4389.5,MRL (B),<br>
ŁukaszK,2023-05-03T10:53:42-0400,2023-05-03T11:36:38-0400,2023-05-03T11:36:38-0400,MESM23,short,USD,MES,future,4137.25,4137.5,16.25,10.09,8.0,4.0,4.0,0.0,5,2576.0,6.16,0.0,4140.25,4132.0,MS (A),
ŁukaszK,2023-09-21T10:31:49-0400,2023-09-21T10:56:13-0400,2023-09-21T10:56:13-0400,MESZ23,long,USD,MES,future,4405.75,4401.75,6.25,3.17,4.0,2.0,2.0,0.0,3,1464.0,3.08,0.0,4401.75,4418.0,MRL (A),<br>
ŁukaszK,2023-06-20T11:10:03-0400,2023-06-20T11:20:26-0400,2023-06-20T11:20:26-0400,MESU23,short,USD,MES,future,4420.5,4419.5,10.0,6.92,4.0,2.0,2.0,0.0,2,623.0,3.08,0.0,4424.5,4409.5,MS (A),
ŁukaszK,2023-09-27T10:33:32-0400,2023-09-27T10:40:57-0400,2023-09-27T10:40:57-0400,MESZ23,long,USD,MES,future,4320.25,4317.25,-60.0,-66.16,8.0,4.0,4.0,0.0,2,445.0,6.16,0.0,4317.25,4330.0,MRL (A),<br>
ŁukaszK,2023-12-08T10:03:02-0500,2023-12-08T10:35:41-0500,2023-12-08T10:35:41-0500,MESZ23,long,USD,MES,future,4597.0,4596.0,60.0,54.24,8.0,4.0,4.0,0.0,3,1959.0,5.76,0.0,4593.0,4620.0,ML (A),
ŁukaszK,2023-07-11T11:08:24-0400,2023-07-11T11:28:19-0400,2023-07-11T11:28:19-0400,ESU23,long,USD,ES,future,4455.0,4452.0,-150.0,-154.58,2.0,1.0,1.0,0.0,2,1195.0,4.58,0.0,4452.0,4461.0,ML (A),
ŁukaszK,2023-09-05T10:48:11-0400,2023-09-05T11:01:26-0400,2023-09-05T11:01:26-0400,MESU23,long,USD,MES,future,4507.75,4514.5,53.75,50.67,4.0,2.0,2.0,0.0,3,795.0,3.08,0.0,4503.75,4514.5,MRS (A),
ŁukaszK,2023-10-16T09:54:57-0400,2023-10-16T10:09:59-0400,2023-10-16T10:09:59-0400,MESZ23,short,USD,MES,future,4385.75,4385.75,0.0,-12.32,16.0,8.0,8.0,0.0,3,902.0,12.32,0.0,4389.75,4375.5,MRS (A),<br>
ŁukaszK,2023-06-30T10:24:52-0400,2023-06-30T10:33:00-0400,2023-06-30T10:33:00-0400,MESU23,long,USD,MES,future,4484.0,4484.5,5.0,1.92,4.0,2.0,2.0,0.0,2,488.0,3.08,0.0,N/A,N/A,ML (B),
ŁukaszK,2023-08-11T12:20:03-0400,2023-08-11T12:51:36-0400,2023-08-11T12:51:36-0400,MESU23,short,USD,MES,future,4481.0,4472.25,62.5,59.42,4.0,2.0,2.0,0.0,3,1893.0,3.08,0.0,4486.0,4469.0,MRS (A),
ŁukaszK,2023-05-01T13:35:00-0400,2023-05-01T13:37:49-0400,2023-05-01T13:37:49-0400,ESM23,long,USD,ES,future,4199.5,4196.5,-150.0,-154.58,2.0,1.0,1.0,0.0,2,169.0,4.58,0.0,4196.5,4208.0,ML (A),
ŁukaszK,2023-08-30T10:37:34-0400,2023-08-30T11:15:26-0400,2023-08-30T11:15:26-0400,MESU23,long,USD,MES,future,4511.75,4516.5,48.75,45.67,4.0,2.0,2.0,0.0,3,2272.0,3.08,0.0,4507.75,4522.0,MRL (A+),<br>
ŁukaszK,2023-06-22T05:00:05-0400,2023-06-22T06:45:18-0400,2023-06-22T06:45:18-0400,MESU23,long,USD,MES,future,4399.5,4396.0,0.0,-3.08,4.0,2.0,2.0,0.0,3,6313.0,3.08,0.0,4395.5,4409.0,MRL (A),
ŁukaszK,2023-11-06T14:39:06-0500,2023-11-06T15:59:05-0500,2023-11-06T15:59:05-0500,MESZ23,long,USD,MES,future,4373.75,4383.0,71.25,71.25,4.0,2.0,2.0,0.0,4,4799.0,0.0,0.0,4369.75,4383.0,MRL (A),<br>
ŁukaszK,2023-11-28T10:56:14-0500,2023-11-28T12:06:31-0500,2023-11-28T12:06:31-0500,MESZ23,long,USD,MES,future,4562.5,4571.0,150.0,144.24,8.0,4.0,4.0,0.0,3,4217.0,5.76,0.0,4558.5,4583.0,ML (A+),
ŁukaszK,2023-09-07T09:55:30-0400,2023-09-07T10:03:49-0400,2023-09-07T10:03:49-0400,MESU23,long,USD,MES,future,4440.5,4436.5,-40.0,-43.08,4.0,2.0,2.0,0.0,2,499.0,3.08,0.0,4436.5,4454.0,MRL (A),
ŁukaszK,2023-06-08T09:51:18-0400,2023-06-08T09:53:03-0400,2023-06-08T09:53:03-0400,MESM23,short,USD,MES,future,4267.75,4271.5,-56.25,-60.87,6.0,3.0,3.0,0.0,2,105.0,4.62,0.0,4271.75,4260.0,MS (A),
ŁukaszK,2023-05-04T10:19:11-0400,2023-05-04T10:35:27-0400,2023-05-04T10:35:27-0400,MESM23,short,USD,MES,future,4074.0,4070.75,16.25,14.71,2.0,1.0,1.0,0.0,2,976.0,1.54,0.0,4080.0,4061.75,"MS (A+),OppositeVSA",
ŁukaszK,2023-11-28T09:55:00-0500,2023-11-28T10:03:44-0500,2023-11-28T10:03:44-0500,MESZ23,short,USD,MES,future,4550.5,4554.5,-80.0,-85.76,8.0,4.0,4.0,0.0,2,524.0,5.76,0.0,4554.5,4539.0,MS (A+),
ŁukaszK,2023-05-31T10:57:55-0400,2023-05-31T11:54:46-0400,2023-05-31T11:54:46-0400,MESM23,short,USD,MES,future,4180.5,4182.5,12.5,7.88,6.0,3.0,3.0,0.0,3,3411.0,4.62,0.0,4182.5,4170.0,MS (A),
ŁukaszK,2023-05-04T10:10:05-0400,2023-05-04T10:18:37-0400,2023-05-04T10:18:37-0400,MESM23,short,USD,MES,future,4080.25,4074.5,106.25,101.63,6.0,3.0,3.0,0.0,3,512.0,4.62,0.0,4085.5,4070.5,MS (A+),
ŁukaszK,2023-04-04T10:38:06-0400,2023-04-04T10:45:01-0400,2023-04-04T10:45:01-0400,ESM23,short,USD,ES,future,4150.0,4147.0,150.0,145.42,2.0,1.0,1.0,0.0,2,415.0,4.58,0.0,4154.0,4141.75,MS (A),
ŁukaszK,2023-06-08T09:53:30-0400,2023-06-08T09:58:07-0400,2023-06-08T09:58:07-0400,MESM23,short,USD,MES,future,4268.0,4272.0,-60.0,-64.62,6.0,3.0,3.0,0.0,2,277.0,4.62,0.0,4271.5,4260.0,MS (A),
ŁukaszK,2023-11-30T10:12:01-0500,2023-11-30T10:25:01-0500,2023-11-30T10:25:01-0500,MESZ23,long,USD,MES,future,4557.75,4562.5,105.0,100.2,8.0,4.0,4.0,0.0,3,780.0,4.8,0.0,4553.75,4569.0,MRL (A),
ŁukaszK,2023-04-19T11:37:16-0400,2023-04-19T13:06:46-0400,2023-04-19T13:06:46-0400,ESM23,long,USD,ES,future,4169.5,4180.0,525.0,520.42,2.0,1.0,1.0,0.0,2,5370.0,4.58,0.0,4165.75,4180.0,ML (A+),
ŁukaszK,2023-06-02T09:57:30-0400,2023-06-02T10:06:10-0400,2023-06-02T10:06:10-0400,MESM23,short,USD,MES,future,4260.0,4259.0,62.5,57.88,6.0,3.0,3.0,0.0,3,520.0,4.62,0.0,4264.0,4256.0,MS (A),
ŁukaszK,2023-09-25T10:32:52-0400,2023-09-25T10:46:30-0400,2023-09-25T10:46:30-0400,MESZ23,long,USD,MES,future,4353.5,4355.0,47.5,41.34,8.0,4.0,4.0,0.0,3,818.0,6.16,0.0,4350.5,4361.0,MRL (B),<br>
ŁukaszK,2023-05-22T10:58:22-0400,2023-05-22T11:35:12-0400,2023-05-22T11:35:12-0400,MESM23,long,USD,MES,future,4203.0,4210.75,95.0,90.38,6.0,3.0,3.0,0.0,4,2210.0,4.62,0.0,4200.0,4213.0,MRL (A),
ŁukaszK,2023-05-26T10:03:15-0400,2023-05-26T10:21:54-0400,2023-05-26T10:21:54-0400,MESM23,long,USD,MES,future,4186.0,4195.5,96.25,91.63,6.0,3.0,3.0,0.0,4,1119.0,4.62,0.0,4181.0,4195.0,ML (A+),
ŁukaszK,2023-05-22T09:48:42-0400,2023-05-22T09:57:11-0400,2023-05-22T09:57:11-0400,MESM23,long,USD,MES,future,4214.5,4210.5,-60.0,-64.62,6.0,3.0,3.0,0.0,2,509.0,4.62,0.0,4210.5,4225.0,ML (A+),
ŁukaszK,2023-05-15T10:57:41-0400,2023-05-15T11:15:24-0400,2023-05-15T11:15:24-0400,MESM23,short,USD,MES,future,4137.25,4141.0,-56.25,-60.87,6.0,3.0,3.0,0.0,2,1063.0,4.62,0.0,4141.0,4132.75,MRS (B),
ŁukaszK,2023-05-22T07:40:12-0400,2023-05-22T08:24:31-0400,2023-05-22T08:24:31-0400,MESM23,long,USD,MES,future,4204.0,4210.0,70.0,65.38,6.0,3.0,3.0,0.0,3,2659.0,4.62,0.0,4202.25,4210.0,ML (A+),
ŁukaszK,2023-04-11T13:35:01-0400,2023-04-11T13:45:41-0400,2023-04-11T13:45:41-0400,ESM23,short,USD,ES,future,4144.0,4146.5,-125.0,-129.58,2.0,1.0,1.0,0.0,2,640.0,4.58,0.0,4145.5,4137.0,MRS (C),
ŁukaszK,2023-07-31T10:00:30-0400,2023-07-31T10:07:38-0400,2023-07-31T10:07:38-0400,ESU23,short,USD,ES,future,4605.75,4610.0,-212.5,-217.08,2.0,1.0,1.0,0.0,2,428.0,4.58,0.0,N/A,N/A,MS (A),
ŁukaszK,2023-09-15T09:49:33-0400,2023-09-15T10:00:05-0400,2023-09-15T10:00:05-0400,MESZ23,short,USD,MES,future,4530.0,4531.75,12.5,9.42,4.0,2.0,2.0,0.0,3,632.0,3.08,0.0,4533.5,4520.0,MS (A+),
ŁukaszK,2023-06-21T10:06:03-0400,2023-06-21T10:11:54-0400,2023-06-21T10:11:54-0400,MESU23,short,USD,MES,future,4407.5,4411.5,-40.0,-43.08,4.0,2.0,2.0,0.0,2,351.0,3.08,0.0,4411.25,4402.0,MS (A),
ŁukaszK,2023-04-28T14:00:00-0400,2023-04-28T14:31:48-0400,2023-04-28T14:31:48-0400,ESM23,long,USD,ES,future,4179.75,4175.75,-200.0,-204.58,2.0,1.0,1.0,0.0,2,1908.0,4.58,0.0,4175.75,4188.5,ML (A),
ŁukaszK,2023-06-21T09:42:07-0400,2023-06-21T09:47:01-0400,2023-06-21T09:47:01-0400,MESU23,short,USD,MES,future,4414.75,4418.5,-75.0,-81.16,8.0,4.0,4.0,0.0,2,294.0,6.16,0.0,4418.5,4402.0,"MS (A+),OpenTrade",
ŁukaszK,2023-08-21T10:03:10-0400,2023-08-21T10:12:59-0400,2023-08-21T10:12:59-0400,MESU23,long,USD,MES,future,4404.5,4400.5,-40.0,-43.08,4.0,2.0,2.0,0.0,2,589.0,3.08,0.0,N/A,N/A,ML (A+),<br>
ŁukaszK,2023-10-03T10:03:54-0400,2023-10-03T10:15:31-0400,2023-10-03T10:15:31-0400,MESZ23,short,USD,MES,future,4296.75,4280.0,287.5,281.34,8.0,4.0,4.0,0.0,3,697.0,6.16,0.0,4300.75,4280.0,MS (A+),<br>
ŁukaszK,2023-08-22T10:49:16-0400,2023-08-22T10:53:35-0400,2023-08-22T10:53:35-0400,MESU23,short,USD,MES,future,4410.25,4414.25,-40.0,-43.08,4.0,2.0,2.0,0.0,2,259.0,3.08,0.0,4414.25,4401.0,MS (A),<br>
ŁukaszK,2023-10-23T10:45:41-0400,2023-10-23T11:05:10-0400,2023-10-23T11:05:10-0400,MESZ23,short,USD,MES,future,4247.5,4251.5,-160.0,-172.32,16.0,8.0,8.0,0.0,2,1169.0,12.32,0.0,4251.5,4237.0,MRS (A),<br>
ŁukaszK,2023-04-05T13:35:13-0400,2023-04-05T13:58:11-0400,2023-04-05T13:58:11-0400,ESM23,short,USD,ES,future,4109.0,4111.5,-125.0,-129.58,2.0,1.0,1.0,0.0,2,1378.0,4.58,0.0,4114.5,4097.0,"EarlyClose,MS (A)",
ŁukaszK,2023-09-08T09:41:00-0400,2023-09-08T09:55:10-0400,2023-09-08T09:55:10-0400,MESU23,long,USD,MES,future,4465.25,4461.75,-36.25,-40.87,6.0,3.0,3.0,0.0,4,850.0,4.62,0.0,4461.75,4474.0,ML (B),
ŁukaszK,2023-04-06T10:31:03-0400,2023-04-06T10:37:10-0400,2023-04-06T10:37:10-0400,ESM23,long,USD,ES,future,4109.25,4106.0,-162.5,-167.08,2.0,1.0,1.0,0.0,2,367.0,4.58,0.0,4106.0,4120.0,ML (A),
ŁukaszK,2023-12-04T10:19:15-0500,2023-12-04T11:14:27-0500,2023-12-04T11:14:27-0500,MESZ23,short,USD,MES,future,4566.75,4558.0,157.5,152.14,8.0,4.0,4.0,0.0,3,3312.0,5.36,0.0,4570.75,4544.0,MS (A+),
ŁukaszK,2023-05-01T11:05:40-0400,2023-05-01T11:10:49-0400,2023-05-01T11:10:49-0400,ESM23,long,USD,ES,future,4198.5,4195.5,-150.0,-154.58,2.0,1.0,1.0,0.0,2,309.0,4.58,0.0,4195.5,4208.0,ML (B),
ŁukaszK,2023-12-20T10:43:19-0500,2023-12-20T11:31:36-0500,2023-12-20T11:31:36-0500,MESH24,long,USD,MES,future,4825.5,4821.5,-80.0,-86.16,8.0,4.0,4.0,0.0,2,2897.0,6.16,0.0,4821.5,4832.0,ML (B),<br>
ŁukaszK,2023-08-09T12:55:12-0400,2023-08-09T14:19:00-0400,2023-08-09T14:19:00-0400,MESU23,long,USD,MES,future,4494.5,4514.5,150.0,146.92,4.0,2.0,2.0,0.0,3,5028.0,3.08,0.0,4489.0,4514.5,MRL (A),
ŁukaszK,2023-12-01T11:06:05-0500,2023-12-01T11:21:47-0500,2023-12-01T11:21:47-0500,MESZ23,long,USD,MES,future,4572.5,4578.5,175.0,170.2,8.0,4.0,4.0,0.0,3,942.0,4.8,0.0,4568.5,4597.5,ML (A),
ŁukaszK,2023-08-02T14:15:58-0400,2023-08-02T14:36:13-0400,2023-08-02T14:36:13-0400,ESU23,long,USD,ES,future,4544.25,4540.25,-200.0,-204.58,2.0,1.0,1.0,0.0,2,1215.0,4.58,0.0,N/A,N/A,MRL (A),
ŁukaszK,2023-09-26T10:55:09-0400,2023-09-26T11:00:12-0400,2023-09-26T11:00:12-0400,MESZ23,short,USD,MES,future,4333.25,4337.75,-90.0,-96.16,8.0,4.0,4.0,0.0,2,303.0,6.16,0.0,4337.25,4312.0,MS (A+),<br>
ŁukaszK,2023-04-10T11:21:53-0400,2023-04-10T11:23:54-0400,2023-04-10T11:23:54-0400,ESM23,long,USD,ES,future,4114.75,4112.75,-100.0,-104.58,2.0,1.0,1.0,0.0,2,121.0,4.58,0.0,4112.75,N/A,"EarlyClose,ML (F)",
ŁukaszK,2023-05-23T08:31:05-0400,2023-05-23T08:39:20-0400,2023-05-23T08:39:20-0400,MESM23,short,USD,MES,future,4194.0,4196.75,-41.25,-45.87,6.0,3.0,3.0,0.0,2,495.0,4.62,0.0,4196.75,4186.75,MS (A),
ŁukaszK,2023-06-13T10:20:01-0400,2023-06-13T10:49:00-0400,2023-06-13T10:49:00-0400,MESU23,long,USD,MES,future,4403.0,4411.5,72.5,67.88,6.0,3.0,3.0,0.0,4,1739.0,4.62,0.0,4397.25,4410.0,MRL (A),
ŁukaszK,2023-08-10T10:23:19-0400,2023-08-10T10:37:15-0400,2023-08-10T10:37:15-0400,MESU23,long,USD,MES,future,4436.0,4432.0,-40.0,-43.08,4.0,2.0,2.0,0.0,2,836.0,3.08,0.0,4432.0,4448.0,ML (A),
ŁukaszK,2023-05-25T12:46:07-0400,2023-05-25T13:16:05-0400,2023-05-25T13:16:05-0400,MESM23,short,USD,MES,future,4153.5,4156.25,15.0,11.92,4.0,2.0,2.0,0.0,3,1798.0,3.08,0.0,4157.5,4147.75,MRS (B),
ŁukaszK,2023-10-09T04:18:21-0400,2023-10-09T04:29:27-0400,2023-10-09T04:29:27-0400,MESZ23,long,USD,MES,future,4331.75,4328.0,-112.5,-121.74,12.0,6.0,6.0,0.0,2,666.0,9.24,0.0,4327.75,4341.5,ML (A+),<br>
ŁukaszK,2023-11-15T11:12:16-0500,2023-11-15T11:41:46-0500,2023-11-15T11:41:46-0500,MESZ23,short,USD,MES,future,4532.0,4521.0,85.0,81.92,4.0,2.0,2.0,0.0,4,1770.0,3.08,0.0,4536.0,4521.0,MRS (A),<br>
ŁukaszK,2023-08-02T09:42:06-0400,2023-08-02T10:06:50-0400,2023-08-02T10:06:50-0400,ESU23,long,USD,ES,future,4564.5,4560.5,-200.0,-203.29,2.0,1.0,1.0,0.0,2,1484.0,3.29,0.0,N/A,N/A,MRL (A),
ŁukaszK,2023-04-11T11:40:02-0400,2023-04-11T11:56:12-0400,2023-04-11T11:56:12-0400,ESM23,long,USD,ES,future,4137.75,4138.0,12.5,7.92,2.0,1.0,1.0,0.0,2,970.0,4.58,0.0,4134.25,4142.5,"EarlyClose,ML (A)",
ŁukaszK,2023-09-01T10:52:59-0400,2023-09-01T11:02:37-0400,2023-09-01T11:02:37-0400,MESU23,short,USD,MES,future,4525.5,4523.0,38.75,35.67,4.0,2.0,2.0,0.0,3,578.0,3.08,0.0,4528.5,4516.0,MS (A),
ŁukaszK,2023-04-17T10:53:53-0400,2023-04-17T11:00:01-0400,2023-04-17T11:00:01-0400,ESM23,short,USD,ES,future,4160.0,4161.5,-75.0,-79.58,2.0,1.0,1.0,0.0,2,368.0,4.58,0.0,4163.75,4144.0,MS (B),
ŁukaszK,2023-10-27T11:24:48-0400,2023-10-27T11:45:07-0400,2023-10-27T11:45:07-0400,MESZ23,short,USD,MES,future,4172.75,4160.5,90.0,86.92,4.0,2.0,2.0,0.0,3,1219.0,3.08,0.0,4175.75,4160.5,MRS (A),<br>
ŁukaszK,2023-11-14T10:08:57-0500,2023-11-14T11:50:08-0500,2023-11-14T11:50:08-0500,MESZ23,long,USD,MES,future,4502.25,4514.5,110.0,106.92,4.0,2.0,2.0,0.0,4,6071.0,3.08,0.0,4498.25,4529.0,ML (A+),<br>
ŁukaszK,2023-09-29T10:10:49-0400,2023-09-29T10:32:53-0400,2023-09-29T10:32:53-0400,MESZ23,short,USD,MES,future,4363.5,4360.0,90.0,83.84,8.0,4.0,4.0,0.0,3,1324.0,6.16,0.0,4367.0,4347.5,MRS (A),<br>
ŁukaszK,2023-10-12T09:52:32-0400,2023-10-12T10:06:58-0400,2023-10-12T10:06:58-0400,MESZ23,short,USD,MES,future,4402.25,4402.0,167.5,155.18,16.0,8.0,8.0,0.0,5,866.0,12.32,0.0,4406.25,4488.0,MS (A),<br>
ŁukaszK,2023-05-10T03:08:45-0400,2023-05-10T03:32:29-0400,2023-05-10T03:32:29-0400,MESM23,long,USD,MES,future,4140.75,4137.75,-32.5,-35.58,4.0,2.0,2.0,0.0,4,1424.0,3.08,0.0,4137.75,4145.5,ML (A),
ŁukaszK,2023-06-29T09:36:48-0400,2023-06-29T10:07:49-0400,2023-06-29T10:07:49-0400,MESU23,long,USD,MES,future,4418.25,4417.0,65.0,58.84,8.0,4.0,4.0,0.0,5,1861.0,6.16,0.0,4415.75,4427.75,"MRL (A+),OpenTrade",
ŁukaszK,2023-05-03T11:38:56-0400,2023-05-03T12:52:40-0400,2023-05-03T12:52:40-0400,MESM23,long,USD,MES,future,4137.75,4148.0,91.25,86.63,6.0,3.0,3.0,0.0,4,4424.0,4.62,0.0,4133.75,4141.75,"LateEntry,MRL (B)",
ŁukaszK,2023-08-16T14:27:52-0400,2023-08-16T14:42:52-0400,2023-08-16T14:42:52-0400,MESU23,long,USD,MES,future,4448.0,4444.75,13.75,10.67,4.0,2.0,2.0,0.0,3,900.0,3.08,0.0,4444.75,4459.0,MRL (B),<br>
ŁukaszK,2023-06-20T04:04:23-0400,2023-06-20T04:26:40-0400,2023-06-20T04:26:40-0400,MESU23,short,USD,MES,future,4445.0,4439.0,70.0,65.38,6.0,3.0,3.0,0.0,3,1337.0,4.62,0.0,4447.5,4439.0,MRS (A),
ŁukaszK,2023-09-12T10:10:41-0400,2023-09-12T10:24:32-0400,2023-09-12T10:24:32-0400,MESZ23,long,USD,MES,future,4526.5,4523.5,-30.0,-33.08,4.0,2.0,2.0,0.0,2,831.0,3.08,0.0,4523.5,4539.5,MRL (A),
ŁukaszK,2023-04-03T11:55:28-0400,2023-04-03T12:06:04-0400,2023-04-03T12:06:04-0400,ESM23,long,USD,ES,future,4136.75,4138.25,75.0,70.42,2.0,1.0,1.0,0.0,2,636.0,4.58,0.0,4132.75,N/A,"EarlyClose,MRL (B)",
ŁukaszK,2023-12-04T11:15:27-0500,2023-12-04T12:06:23-0500,2023-12-04T12:06:23-0500,MESZ23,long,USD,MES,future,4558.5,4571.0,175.0,169.24,8.0,4.0,4.0,0.0,4,3056.0,5.76,0.0,4553.5,4571.0,MRL (B),
ŁukaszK,2023-05-17T11:19:08-0400,2023-05-17T11:40:25-0400,2023-05-17T11:40:25-0400,MESM23,short,USD,MES,future,4143.0,4144.5,25.0,20.38,6.0,3.0,3.0,0.0,3,1277.0,4.62,0.0,4144.5,4135.0,MRS (A),
ŁukaszK,2023-11-30T10:57:31-0500,2023-11-30T11:21:30-0500,2023-11-30T11:21:30-0500,MESZ23,long,USD,MES,future,4558.0,4554.0,-40.0,-42.4,4.0,2.0,2.0,0.0,2,1439.0,2.4,0.0,4554.0,4574.0,MRL (A),
ŁukaszK,2023-05-16T10:26:17-0400,2023-05-16T10:32:23-0400,2023-05-16T10:32:23-0400,MESM23,long,USD,MES,future,4134.5,4134.75,36.25,33.17,4.0,2.0,2.0,0.0,3,366.0,3.08,0.0,4130.25,4141.75,MRL (B),
ŁukaszK,2023-06-13T09:38:31-0400,2023-06-13T09:47:54-0400,2023-06-13T09:47:54-0400,MESU23,long,USD,MES,future,4409.0,4409.75,92.5,87.88,6.0,3.0,3.0,0.0,4,563.0,4.62,0.0,4405.0,4428.0,"ML (A+),OpenTrade",
ŁukaszK,2023-06-28T10:27:07-0400,2023-06-28T10:40:05-0400,2023-06-28T10:40:05-0400,MESU23,long,USD,MES,future,4409.75,4416.75,80.0,76.92,4.0,2.0,2.0,0.0,3,778.0,3.08,0.0,4406.0,4418.75,ML (B),
ŁukaszK,2023-05-17T10:20:02-0400,2023-05-17T10:25:29-0400,2023-05-17T10:25:29-0400,MESM23,short,USD,MES,future,4131.5,4135.25,-37.5,-40.58,4.0,2.0,2.0,0.0,2,327.0,3.08,0.0,4135.25,4123.0,MS (B),
ŁukaszK,2023-08-22T10:00:43-0400,2023-08-22T10:27:14-0400,2023-08-22T10:27:14-0400,MESU23,long,USD,MES,future,4416.0,4413.0,15.0,11.92,4.0,2.0,2.0,0.0,3,1591.0,3.08,0.0,4412.0,4430.0,MRL (B),<br>
ŁukaszK,2023-06-16T11:31:31-0400,2023-06-16T11:53:28-0400,2023-06-16T11:53:28-0400,MESU23,short,USD,MES,future,4470.0,4469.25,7.5,4.42,4.0,2.0,2.0,0.0,2,1317.0,3.08,0.0,4474.5,4463.0,MS (A),
ŁukaszK,2023-12-08T11:09:15-0500,2023-12-08T11:17:30-0500,2023-12-08T11:17:30-0500,MESZ23,short,USD,MES,future,4598.25,4588.5,160.0,154.24,8.0,4.0,4.0,0.0,3,495.0,5.76,0.0,4602.25,4588.5,MRS (A),
ŁukaszK,2023-06-22T07:38:42-0400,2023-06-22T08:29:13-0400,2023-06-22T08:29:13-0400,MESU23,long,USD,MES,future,4396.75,4397.25,5.0,1.92,4.0,2.0,2.0,0.0,2,3031.0,3.08,0.0,4392.75,4406.5,MRL (A),
ŁukaszK,2023-08-01T10:36:17-0400,2023-08-01T11:18:07-0400,2023-08-01T11:18:07-0400,ESU23,long,USD,ES,future,4598.75,4594.75,-200.0,-204.29,2.0,1.0,1.0,0.0,2,2510.0,4.29,0.0,N/A,N/A,MRL (B),
ŁukaszK,2023-07-06T12:40:01-0400,2023-07-06T15:10:40-0400,2023-07-06T15:10:40-0400,MESU23,long,USD,MES,future,4437.75,4447.75,105.0,105.0,6.0,3.0,3.0,0.0,3,9039.0,0.0,0.0,4434.75,4453.0,ML (A),
ŁukaszK,2023-07-31T09:51:11-0400,2023-07-31T09:54:01-0400,2023-07-31T09:54:01-0400,ESU23,long,USD,ES,future,4617.0,4614.0,-150.0,-154.58,2.0,1.0,1.0,0.0,2,170.0,4.58,0.0,N/A,N/A,"ML (A),OpenTrade",
ŁukaszK,2023-07-14T09:52:05-0400,2023-07-14T10:00:47-0400,2023-07-14T10:00:47-0400,ESU23,short,USD,ES,future,4556.0,4548.25,387.5,382.92,2.0,1.0,1.0,0.0,2,522.0,4.58,0.0,4560.0,4548.25,MRS (B),
ŁukaszK,2023-08-02T09:34:07-0400,2023-08-02T09:42:06-0400,2023-08-02T09:42:06-0400,ESU23,short,USD,ES,future,4562.5,4566.5,-200.0,-204.58,2.0,1.0,1.0,0.0,2,479.0,4.58,0.0,N/A,N/A,"MS (A+),OpenTrade",
ŁukaszK,2023-11-03T10:33:28-0400,2023-11-03T11:00:01-0400,2023-11-03T11:00:01-0400,MESZ23,short,USD,MES,future,4366.5,4370.5,-40.0,-43.08,4.0,2.0,2.0,0.0,4,1593.0,3.08,0.0,4370.5,4357.5,MRS (A),SimpleBracket.twconfig
ŁukaszK,2023-04-20T12:10:05-0400,2023-04-20T12:23:18-0400,2023-04-20T12:23:18-0400,ESM23,long,USD,ES,future,4156.5,4157.25,37.5,32.92,2.0,1.0,1.0,0.0,2,793.0,4.58,0.0,4152.5,4168.0,"EarlyClose,ML (B)",
ŁukaszK,2023-04-24T13:13:40-0400,2023-04-24T14:08:26-0400,2023-04-24T14:08:26-0400,ESM23,long,USD,ES,future,4149.5,4153.75,212.5,207.92,2.0,1.0,1.0,0.0,2,3286.0,4.58,0.0,4146.75,4159.0,"EarlyClose,MRL (B)",
ŁukaszK,2023-08-16T14:44:50-0400,2023-08-16T14:49:01-0400,2023-08-16T14:49:01-0400,MESU23,long,USD,MES,future,4445.5,4442.25,-30.0,-33.08,4.0,2.0,2.0,0.0,3,251.0,3.08,0.0,4442.25,4454.0,MRL (A),<br>
ŁukaszK,2023-06-09T11:51:21-0400,2023-06-09T12:01:07-0400,2023-06-09T12:01:07-0400,MESM23,short,USD,MES,future,4305.5,4295.0,107.5,102.88,6.0,3.0,3.0,0.0,3,586.0,4.62,0.0,4309.0,N/A,MS (A),
ŁukaszK,2023-09-19T09:45:02-0400,2023-09-19T09:50:41-0400,2023-09-19T09:50:41-0400,MESZ23,long,USD,MES,future,4493.0,4490.0,-30.0,-33.08,4.0,2.0,2.0,0.0,2,339.0,3.08,0.0,4490.0,4506.0,MRL (A),
ŁukaszK,2023-11-28T10:12:36-0500,2023-11-28T10:30:02-0500,2023-11-28T10:30:02-0500,MESZ23,long,USD,MES,future,4552.5,4555.0,65.0,59.24,8.0,4.0,4.0,0.0,3,1046.0,5.76,0.0,4548.5,4561.0,MRL (A),
ŁukaszK,2023-07-06T03:20:02-0400,2023-07-06T03:24:16-0400,2023-07-06T03:24:16-0400,MESU23,short,USD,MES,future,4463.5,4467.0,-52.5,-52.5,6.0,3.0,3.0,0.0,2,254.0,0.0,0.0,4467.0,4456.0,"LateEntry,MS (A)",
ŁukaszK,2023-05-22T10:12:42-0400,2023-05-22T10:43:12-0400,2023-05-22T10:43:12-0400,MESM23,long,USD,MES,future,4204.25,4204.75,47.5,42.88,6.0,3.0,3.0,0.0,4,1830.0,4.62,0.0,4200.5,4208.75,MRL (B),
ŁukaszK,2023-06-05T10:40:02-0400,2023-06-05T10:45:00-0400,2023-06-05T10:45:00-0400,MESM23,short,USD,MES,future,4290.25,4294.75,-45.0,-48.08,4.0,2.0,2.0,0.0,2,298.0,3.08,0.0,4294.75,4181.0,MS (A),
ŁukaszK,2023-05-15T11:30:08-0400,2023-05-15T11:51:20-0400,2023-05-15T11:51:20-0400,MESM23,short,USD,MES,future,4140.25,4143.0,-41.25,-45.87,6.0,3.0,3.0,0.0,2,1272.0,4.62,0.0,4143.0,4134.75,MRS (B),
ŁukaszK,2023-07-31T09:55:01-0400,2023-07-31T09:57:00-0400,2023-07-31T09:57:00-0400,ESU23,short,USD,ES,future,4613.5,4605.25,412.5,407.92,2.0,1.0,1.0,0.0,2,119.0,4.58,0.0,4617.25,4605.25,MRS (A),
ŁukaszK,2023-07-28T12:51:58-0400,2023-07-28T12:57:41-0400,2023-07-28T12:57:41-0400,ESU23,long,USD,ES,future,4612.25,4610.5,-87.5,-92.08,2.0,1.0,1.0,0.0,2,343.0,4.58,0.0,N/A,N/A,ML (A),
ŁukaszK,2023-06-29T10:14:25-0400,2023-06-29T10:23:24-0400,2023-06-29T10:23:24-0400,MESU23,long,USD,MES,future,4418.25,4422.5,61.25,58.17,4.0,2.0,2.0,0.0,3,539.0,3.08,0.0,4414.25,4426.24,MRL (A),
ŁukaszK,2023-04-14T09:43:03-0400,2023-04-14T09:46:25-0400,2023-04-14T09:46:25-0400,ESM23,long,USD,ES,future,4177.5,4183.0,275.0,270.42,2.0,1.0,1.0,0.0,2,202.0,4.58,0.0,4174.75,4183.0,ML (A),
ŁukaszK,2023-11-03T11:08:17-0400,2023-11-03T11:12:21-0400,2023-11-03T11:12:21-0400,MESZ23,short,USD,MES,future,4367.75,4369.25,13.75,10.67,4.0,2.0,2.0,0.0,4,244.0,3.08,0.0,4371.75,4358.0,MRS (A),SimpleBracket.twconfig
ŁukaszK,2023-08-15T10:23:09-0400,2023-08-15T10:30:28-0400,2023-08-15T10:30:28-0400,MESU23,short,USD,MES,future,4466.25,4465.5,7.5,4.42,4.0,2.0,2.0,0.0,2,439.0,3.08,0.0,N/A,N/A,MS (A+),
ŁukaszK,2023-08-11T09:56:17-0400,2023-08-11T10:16:03-0400,2023-08-11T10:16:03-0400,MESU23,long,USD,MES,future,4467.25,4484.0,121.25,118.17,4.0,2.0,2.0,0.0,3,1186.0,3.08,0.0,4463.75,4484.0,MRL (A),
ŁukaszK,2023-09-25T09:44:51-0400,2023-09-25T09:57:00-0400,2023-09-25T09:57:00-0400,MESZ23,long,USD,MES,future,4354.5,4365.0,85.0,81.92,4.0,2.0,2.0,0.0,3,729.0,3.08,0.0,4350.5,4365.0,MRL (B),<br>
ŁukaszK,2023-04-18T10:06:53-0400,2023-04-18T10:09:05-0400,2023-04-18T10:09:05-0400,ESM23,short,USD,ES,future,4178.5,4181.0,-125.0,-129.58,2.0,1.0,1.0,0.0,2,132.0,4.58,0.0,4181.0,4166.0,"MS (B),Pre-empt",
ŁukaszK,2023-06-22T10:28:12-0400,2023-06-22T10:38:36-0400,2023-06-22T10:38:36-0400,MESU23,long,USD,MES,future,4414.25,4410.0,-63.75,-68.37,6.0,3.0,3.0,0.0,2,624.0,4.62,0.0,4410.0,4420.0,ML (A),
ŁukaszK,2023-09-21T11:09:07-0400,2023-09-21T11:34:00-0400,2023-09-21T11:34:00-0400,MESZ23,short,USD,MES,future,4402.0,4401.0,35.0,31.92,4.0,2.0,2.0,0.0,3,1493.0,3.08,0.0,4405.0,4392.0,MS (A),<br>
ŁukaszK,2023-09-11T11:22:32-0400,2023-09-11T13:18:41-0400,2023-09-11T13:18:41-0400,MESZ23,long,USD,MES,future,4525.5,4534.0,62.5,59.42,4.0,2.0,2.0,0.0,3,6969.0,3.08,0.0,4521.5,4534.0,MRL (B),
ŁukaszK,2023-12-14T10:19:07-0500,2023-12-14T10:38:23-0500,2023-12-14T10:38:23-0500,MESH24,long,USD,MES,future,4776.0,4772.25,-75.0,-81.16,8.0,4.0,4.0,0.0,4,1156.0,6.16,0.0,4772.0,4785.0,MRL (A),<br>
ŁukaszK,2023-10-11T10:36:12-0400,2023-10-11T10:51:29-0400,2023-10-11T10:51:29-0400,MESZ23,short,USD,MES,future,4394.75,4398.25,-140.0,-152.32,16.0,8.0,8.0,0.0,4,917.0,12.32,0.0,4398.25,4386.0,MS (A),<br>
ŁukaszK,2023-12-12T09:58:53-0500,2023-12-12T10:49:54-0500,2023-12-12T10:49:54-0500,MESH24,long,USD,MES,future,4670.75,4679.0,135.0,128.84,8.0,4.0,4.0,0.0,3,3061.0,6.16,0.0,4666.75,4683.0,MRL (B),<br>
